id,destination,name,category,lat,lng,curtail_count,is_outdoor,no_kids_zone,break_time,naver_url,backup_place_id,last_verified,notes,tags,status,
p011,경주,료미,meal,35.8385,129.2091,0,FALSE,FALSE,,TBD,,2026-06-13,,"퓨전일식,황리단길,웨이팅",active,
p012,경주,함양집 보문점,meal,35.8402,129.2663,0,FALSE,FALSE,,TBD,,2026-06-13,,"한우물회,가족식사,보문단지",active,
p013,경주,고향밀면 본점,meal,35.8427,129.211,0,FALSE,FALSE,,TBD,,2026-06-13,,"밀면,로컬맛집,경주시내",active,
p014,경주,노워즈,cafe,35.8374,129.2095,0,FALSE,TRUE,,TBD,,2026-06-13,,"엑설런트라떼,황리단길,힙한분위기",active,
p015,경주,아덴 보문점,cafe,35.845,129.2834,0,FALSE,FALSE,,TBD,,2026-06-13,,"보문호수뷰,대형카페,베이커리",active,
p016,경주,카페 연화,cafe,35.8345,129.214,0,FALSE,FALSE,,TBD,,2026-06-13,,"한옥카페,골목안한적함,수제디저트",active,
p017,경주,국립경주박물관,activity,35.8294,129.2274,0,FALSE,FALSE,,TBD,,2026-06-13,,"신라역사,무료입장,실내전시",active,
p018,경주,교촌마을,activity,35.8306,129.2158,0,TRUE,FALSE,,TBD,,2026-06-13,,"한복체험,전통마을,도보산책",active,
p019,경주,경주월드,activity,35.8396,129.2818,0,TRUE,FALSE,,TBD,,2026-06-13,,"놀이공원,어트랙션,액티비티",active,
p020,경주,불국사,view,35.7899,129.3318,0,TRUE,FALSE,,TBD,,2026-06-13,,"유네스코,역사명소,사찰",active,
p021,경주,동궁과 월지,view,35.8341,129.2265,0,TRUE,FALSE,,TBD,,2026-06-13,,"야경명소,연못,신라유적",active,
p022,경주,송대말등대,view,35.8058,129.5096,0,TRUE,FALSE,,TBD,,2026-06-13,,"오션뷰,한적한명소,사진명소",active,
p023,경주,동궁원 (버드파크),kids,35.8504,129.2588,0,FALSE,FALSE,,TBD,,2026-06-13,,"실내동식물원,동물교감,유모차친화적",active,
p024,경주,우양미술관,kids,35.8415,129.2801,0,FALSE,FALSE,,TBD,,2026-06-13,,"현대미술,수유실완비,부모휴식",active,
p025,경주,경주엑스포대공원,kids,35.8285,129.2796,0,TRUE,FALSE,,TBD,,2026-06-13,,"넓은평지,안전한산책로,경주타워",active,
p026,인덕원_권역,투썸플레이스 하남아이테코점,cafe,,,0,FALSE,FALSE,,TBD,,2026-06-16,"naver:과천 주변,대량변환으로 좌표검색 보류","카페,디저트,프랜차이즈",pending_geocode,
p027,인덕원_권역,경복공인중개사사무소,activity,,,0,FALSE,FALSE,,TBD,,2026-06-16,"naver:과천 주변,대량변환으로 좌표검색 보류","중개업,부동산,사무실",pending_geocode,
p028,인덕원_권역,평촌아크로타워오피스텔,view,,,0,FALSE,FALSE,,TBD,,2026-06-16,"naver:과천 주변,대량변환으로 좌표검색 보류","오피스텔,주거,건물",pending_geocode,pending_geocode
p029,인덕원_권역,래미안과천센트럴스위트708동,view,,,0,FALSE,FALSE,,TBD,,2026-06-16,"naver:과천 주변,대량변환으로 좌표검색 보류","아파트,주거,단지",pending_geocode,
p030,인덕원_권역,과천포레드림아파트1006동,view,,,0,FALSE,FALSE,,TBD,,2026-06-16,"naver:과천 주변,대량변환으로 좌표검색 보류","아파트,주거,단지",pending_geocode,
p031,인덕원_권역,선은채주택,view,,,0,FALSE,FALSE,,TBD,,2026-06-16,"naver:과천 주변,대량변환으로 좌표검색 보류","주택,주거,건물",pending_geocode,
p032,인덕원_권역,인천힘찬종합병원,activity,,,0,FALSE,FALSE,,TBD,,2026-06-16,"naver:과천 주변,대량변환으로 좌표검색 보류","종합병원,의료,건강",pending_geocode,
p033,인덕원_권역,존폴쥬얼리 종로예물점,activity,,,0,FALSE,FALSE,,TBD,,2026-06-16,"naver:과천 주변,대량변환으로 좌표검색 보류","결혼예물,귀금속,쇼핑",pending_geocode,
p034,인덕원_권역,나누리병원 강남 본관,activity,,,0,FALSE,FALSE,,TBD,,2026-06-16,"naver:과천 주변,대량변환으로 좌표검색 보류","정형외과,의료,병원",pending_geocode,
p035,인덕원_권역,무키무키 과천점,kids,,,0,FALSE,FALSE,,TBD,,2026-06-16,"naver:과천 주변,대량변환으로 좌표검색 보류","키즈카페,실내놀이터,아동친화",pending_geocode,
p036,인덕원_권역,샤오마라 김포구래점,meal,,,0,FALSE,FALSE,,TBD,,2026-06-16,"naver:과천 주변,대량변환으로 좌표검색 보류","마라탕,중식,식당",pending_geocode,
p037,인덕원_권역,과천리오포레데시앙근린생활시설,activity,,,0,FALSE,FALSE,,TBD,,2026-06-16,"naver:과천 주변,대량변환으로 좌표검색 보류","상가,근린시설,아케이드",pending_geocode,
p038,인덕원_권역,호반써밋송도아파트,view,,,0,FALSE,FALSE,,TBD,,2026-06-16,"naver:과천 주변,대량변환으로 좌표검색 보류","아파트,주거,단지",pending_geocode,
p039,인덕원_권역,과천농협 중앙지점,activity,,,0,FALSE,FALSE,,TBD,,2026-06-16,"naver:과천 주변,대량변환으로 좌표검색 보류","신용조합,금융,은행",pending_geocode,
p040,인덕원_권역,신한은행 송도국제도시,activity,,,0,FALSE,FALSE,,TBD,,2026-06-16,"naver:과천 주변,대량변환으로 좌표검색 보류","은행,금융,영업점",pending_geocode,
p041,인덕원_권역,스팀타임,activity,,,0,FALSE,FALSE,,TBD,,2026-06-16,"naver:과천 주변,대량변환으로 좌표검색 보류","스팀세차,자동차,세차장",pending_geocode,
p042,인덕원_권역,덕장한우정육식당,meal,,,0,FALSE,FALSE,,TBD,,2026-06-16,"naver:과천 주변,대량변환으로 좌표검색 보류","소고기구이,육류,정육식당",pending_geocode,
p043,인덕원_권역,우지커피 과천중앙점,cafe,,,0,FALSE,FALSE,,TBD,,2026-06-16,"naver:과천 주변,대량변환으로 좌표검색 보류","카페,디저트,커피",pending_geocode,
p044,인덕원_권역,힐스테이트인덕원아파트,view,,,0,FALSE,FALSE,,TBD,,2026-06-16,"naver:과천 주변,대량변환으로 좌표검색 보류","아파트,주거,단지",pending_geocode,
p045,인덕원_권역,송밀당 달빛축제공원역점,cafe,,,0,FALSE,FALSE,,TBD,,2026-06-16,"naver:과천 주변,대량변환으로 좌표검색 보류","카페,송밀당,디저트",pending_geocode,
p046,인덕원_권역,맛찬들왕소금구이 과천점,meal,,,0,FALSE,FALSE,,TBD,,2026-06-16,"naver:과천 주변,대량변환으로 좌표검색 보류","육류,고기요리,돼지고기",pending_geocode,
p047,인덕원_권역,송도자이풍경채그라노블1단지(2027년06월예정),view,,,0,FALSE,FALSE,,TBD,,2026-06-16,"naver:과천 주변,대량변환으로 좌표검색 보류","아파트,예정,공사중",pending_geocode,
p048,인덕원_권역,송도힐스테이트주상복합6단지,view,,,0,FALSE,FALSE,,TBD,,2026-06-16,"naver:과천 주변,대량변환으로 좌표검색 보류","주상복합,주거,단지",pending_geocode,
p049,인덕원_권역,의왕하늘쉼터묘지,view,,,0,TRUE,FALSE,,TBD,,2026-06-16,"naver:과천 주변,대량변환으로 좌표검색 보류","묘지,야외,시설",pending_geocode,
p050,인덕원_권역,송도더샵엑스포9단지아파트,view,,,0,FALSE,FALSE,,TBD,,2026-06-16,"naver:과천 주변,대량변환으로 좌표검색 보류","아파트,주거,단지",pending_geocode,
p051,인덕원_권역,서초힐스아파트,view,,,0,FALSE,FALSE,,TBD,,2026-06-16,"naver:과천 주변,대량변환으로 좌표검색 보류","아파트,주거,단지",pending_geocode,
p052,인덕원_권역,신금 이천땅,view,,,0,TRUE,FALSE,,TBD,,2026-06-16,"naver:과천 주변,대량변환으로 좌표검색 보류","토지,야외,부지",pending_geocode,
p053,인덕원_권역,장인어른 길정건축,view,,,0,FALSE,FALSE,,TBD,,2026-06-16,"naver:과천 주변,대량변환으로 좌표검색 보류","건축,사무실,시설",pending_geocode,
p054,인덕원_권역,강촌마을8단지우방아파트812동,view,,,0,FALSE,FALSE,,TBD,,2026-06-16,"naver:과천 주변,대량변환으로 좌표검색 보류","아파트,주거,단지",pending_geocode,
p055,인덕원_권역,효성인텔리안,view,,,0,FALSE,FALSE,,TBD,,2026-06-16,"naver:과천 주변,대량변환으로 좌표검색 보류","기업,빌딩,사무실",pending_geocode,
p056,인덕원_권역,신원모터스 자동차스토리,activity,,,0,FALSE,FALSE,,TBD,,2026-06-16,"naver:과천 주변,대량변환으로 좌표검색 보류","자동차정비,수리,시설",pending_geocode,
p057,인덕원_권역,1page cafe,cafe,,,0,FALSE,FALSE,,TBD,,2026-06-16,"naver:과천 주변,대량변환으로 좌표검색 보류","카페,디저트,커피",pending_geocode,
p058,인덕원_권역,승환이네 유리온실,view,,,0,TRUE,FALSE,,TBD,,2026-06-16,"naver:과천 주변,대량변환으로 좌표검색 보류","온실,농업,시설",pending_geocode,
p059,인덕원_권역,공간너머스터디카페,cafe,,,0,FALSE,FALSE,,TBD,,2026-06-16,"naver:과천 주변,대량변환으로 좌표검색 보류","스터디카페,학습,공간",pending_geocode,
p060,인덕원_권역,블루핸즈 시민대로현대서비스,activity,,,0,FALSE,FALSE,,TBD,,2026-06-16,"naver:과천 주변,대량변환으로 좌표검색 보류","자동차정비,수리,서비스",pending_geocode,
p061,인덕원_권역,아름타운기숙사,view,,,0,FALSE,FALSE,,TBD,,2026-06-16,"naver:과천 주변,대량변환으로 좌표검색 보류","기숙사,주거,시설",pending_geocode,
p062,인덕원_권역,과천5KM 출발지 A,activity,,,0,TRUE,FALSE,,TBD,,2026-06-16,"naver:과천 주변,대량변환으로 좌표검색 보류","지하철출구,야외,포인트",pending_geocode,
p063,인덕원_권역,군봉묵은지김치찜,meal,,,0,FALSE,FALSE,,TBD,,2026-06-16,"naver:과천 주변,대량변환으로 좌표검색 보류","찌개,전골,한식",pending_geocode,
p064,인덕원_권역,영종하늘도시12호근린공원,activity,,,0,TRUE,FALSE,,TBD,,2026-06-16,"naver:과천 주변,대량변환으로 좌표검색 보류","근린공원,야외,산책",pending_geocode,
p065,인덕원_권역,조은전골칼국수,meal,,,0,FALSE,FALSE,,TBD,,2026-06-16,"naver:과천 주변,대량변환으로 좌표검색 보류","칼국수,만두,식당",pending_geocode,
p066,인덕원_권역,지금이곳,cafe,,,0,FALSE,FALSE,,TBD,,2026-06-16,"naver:과천 주변,대량변환으로 좌표검색 보류","카페,디저트,커피",pending_geocode,
p067,인덕원_권역,별바다 조개구이,meal,,,0,FALSE,FALSE,,TBD,,2026-06-16,"naver:과천 주변,대량변환으로 좌표검색 보류","조개요리,해산물,식당",pending_geocode,
p068,인덕원_권역,조개원칙 구읍뱃터직영점,meal,,,0,FALSE,FALSE,,TBD,,2026-06-16,"naver:과천 주변,대량변환으로 좌표검색 보류","조개요리,해산물,식당",pending_geocode,
p069,인덕원_권역,형제들감자탕,meal,,,0,FALSE,FALSE,,TBD,,2026-06-16,"naver:과천 주변,대량변환으로 좌표검색 보류","감자탕,국물요리,식당",pending_geocode,
p070,인덕원_권역,계산동 수제돈까스,meal,,,0,FALSE,FALSE,,TBD,,2026-06-16,"naver:과천 주변,대량변환으로 좌표검색 보류","돈가스,수제,식당",pending_geocode,
p071,인덕원_권역,상상첨 송도트리플스트리트점,meal,,,0,FALSE,FALSE,,TBD,,2026-06-16,"naver:과천 주변,대량변환으로 좌표검색 보류","샤브샤브,국물요리,식당",pending_geocode,
p072,인덕원_권역,더숲 소전미술관,cafe,,,0,FALSE,FALSE,,TBD,,2026-06-16,"naver:과천 주변,대량변환으로 좌표검색 보류","카페,미술관,문화공간",pending_geocode,
p073,인덕원_권역,은식당 학익점,meal,,,0,FALSE,FALSE,,TBD,,2026-06-16,"naver:과천 주변,대량변환으로 좌표검색 보류","돈가스,식당,외식",pending_geocode,
p074,인덕원_권역,비밀베이커리 구월점,cafe,,,0,FALSE,FALSE,,TBD,,2026-06-16,"naver:과천 주변,대량변환으로 좌표검색 보류","베이커리,디저트,빵집",pending_geocode,
p075,인덕원_권역,해찬솔공원,activity,,,0,TRUE,FALSE,,TBD,,2026-06-16,"naver:과천 주변,대량변환으로 좌표검색 보류","근린공원,야외,산책",pending_geocode,
p076,인덕원_권역,청라 해변공원 캠핑장,activity,,,0,TRUE,FALSE,,TBD,,2026-06-16,"naver:과천 주변,대량변환으로 좌표검색 보류","캠핑,야영장,야외",pending_geocode,
p077,인덕원_권역,나 그리고 너,meal,,,0,FALSE,FALSE,,TBD,,2026-06-16,"naver:과천 주변,대량변환으로 좌표검색 보류","스파게티,파스타,양식",pending_geocode,
p078,인덕원_권역,코즈믹버거 송도점,meal,,,0,FALSE,FALSE,,TBD,,2026-06-16,"naver:과천 주변,대량변환으로 좌표검색 보류","햄버거,패스트푸드,양식",pending_geocode,
p079,인덕원_권역,멜팅룸,meal,,,0,FALSE,FALSE,,TBD,,2026-06-16,"naver:과천 주변,대량변환으로 좌표검색 보류","양식,레스토랑,외식",pending_geocode,
p080,인덕원_권역,호랑이족발 인천논현점,meal,,,0,FALSE,FALSE,,TBD,,2026-06-16,"naver:과천 주변,대량변환으로 좌표검색 보류","족발,보쌈,고기요리",pending_geocode,
p081,인덕원_권역,삼송가든,meal,,,0,FALSE,FALSE,,TBD,,2026-06-16,"naver:과천 주변,대량변환으로 좌표검색 보류","육류,고기요리,식당",pending_geocode,
p082,인덕원_권역,소향,meal,,,0,FALSE,FALSE,,TBD,,2026-06-16,"naver:과천 주변,대량변환으로 좌표검색 보류","소고기구이,육류,식당",pending_geocode,
p083,인덕원_권역,짬뽕타임 신흥점,meal,,,0,FALSE,FALSE,,TBD,,2026-06-16,"naver:과천 주변,대량변환으로 좌표검색 보류","중식당,짬뽕,식당",pending_geocode,
p084,인덕원_권역,화미담,meal,,,0,FALSE,FALSE,,TBD,,2026-06-16,"naver:과천 주변,대량변환으로 좌표검색 보류","중식당,식당,외식",pending_geocode,
p085,인덕원_권역,돈&까,meal,,,0,FALSE,FALSE,,TBD,,2026-06-16,"naver:과천 주변,대량변환으로 좌표검색 보류","돈가스,식당,외식",pending_geocode,
p086,인덕원_권역,삼정옥,meal,,,0,FALSE,FALSE,,TBD,,2026-06-16,"naver:과천 주변,대량변환으로 좌표검색 보류","국밥,한식,식당",pending_geocode,
p087,인덕원_권역,차오팡,meal,,,0,FALSE,FALSE,,TBD,,2026-06-16,"naver:과천 주변,대량변환으로 좌표검색 보류","중식당,식당,외식",pending_geocode,
p088,인덕원_권역,언양닭칼국수 용현점,meal,,,0,FALSE,FALSE,,TBD,,2026-06-16,"naver:과천 주변,대량변환으로 좌표검색 보류","칼국수,만두,닭요리",pending_geocode,
p089,인덕원_권역,꽃게담은보리밥,meal,,,0,FALSE,FALSE,,TBD,,2026-06-16,"naver:과천 주변,대량변환으로 좌표검색 보류","보리밥,한식,게장",pending_geocode,
p090,인덕원_권역,153한방삼계탕,meal,,,0,FALSE,FALSE,,TBD,,2026-06-16,"naver:과천 주변,대량변환으로 좌표검색 보류","백숙,삼계탕,보양식",pending_geocode,
p091,인덕원_권역,밀릇베이커리,cafe,,,0,FALSE,FALSE,,TBD,,2026-06-16,"naver:과천 주변,대량변환으로 좌표검색 보류","베이커리,디저트,빵집",pending_geocode,
p092,인덕원_권역,슈헤뜨베이크샵,cafe,,,0,FALSE,FALSE,,TBD,,2026-06-16,"naver:과천 주변,대량변환으로 좌표검색 보류","베이커리,디저트,빵집",pending_geocode,
p093,인덕원_권역,차우마 인천논현점,meal,,,0,FALSE,FALSE,,TBD,,2026-06-16,"naver:과천 주변,대량변환으로 좌표검색 보류","중식당,식당,외식",pending_geocode,
p094,인덕원_권역,제이콥스 베이커리,cafe,,,0,FALSE,FALSE,,TBD,,2026-06-16,"naver:과천 주변,대량변환으로 좌표검색 보류","베이커리,디저트,빵집",pending_geocode,
p095,인덕원_권역,마농베이커리,cafe,,,0,FALSE,FALSE,,TBD,,2026-06-16,"naver:과천 주변,대량변환으로 좌표검색 보류","베이커리,디저트,빵집",pending_geocode,
p096,인덕원_권역,라피자일피노센트럴점,meal,,,0,FALSE,FALSE,,TBD,,2026-06-16,"naver:과천 주변,대량변환으로 좌표검색 보류","이탈리아음식,피자,양식",pending_geocode,
p097,인덕원_권역,건강밥상심마니 송도점,meal,,,0,FALSE,FALSE,,TBD,,2026-06-16,"naver:과천 주변,대량변환으로 좌표검색 보류","백숙,삼계탕,보양식",pending_geocode,
p098,인덕원_권역,가마솥김치찜,meal,,,0,FALSE,FALSE,,TBD,,2026-06-16,"naver:과천 주변,대량변환으로 좌표검색 보류","한식,김치찜,식당",pending_geocode,
p099,인덕원_권역,늘이비인후과의원,activity,,,0,FALSE,FALSE,,TBD,,2026-06-16,"naver:과천 주변,대량변환으로 좌표검색 보류","이비인후과,의료,병원",pending_geocode,
p100,인덕원_권역,송도에이스내과의원,activity,,,0,FALSE,FALSE,,TBD,,2026-06-16,"naver:과천 주변,대량변환으로 좌표검색 보류","내과,의료,병원",pending_geocode,
p101,인덕원_권역,시골길 인천점,meal,,,0,FALSE,FALSE,,TBD,,2026-06-16,"naver:과천 주변,대량변환으로 좌표검색 보류","낙지요리,해산물,식당",pending_geocode,
p102,인덕원_권역,이우철한방누룽지삼계탕 송도점,meal,,,0,FALSE,FALSE,,TBD,,2026-06-16,"naver:과천 주변,대량변환으로 좌표검색 보류","백숙,삼계탕,보양식",pending_geocode,
p103,인덕원_권역,한상차림 코다리명가 송도점,meal,,,0,FALSE,FALSE,,TBD,,2026-06-16,"naver:과천 주변,대량변환으로 좌표검색 보류","해물요리,코다리,생선요리",pending_geocode,
p104,인덕원_권역,우만당,meal,,,0,FALSE,FALSE,,TBD,,2026-06-16,"naver:과천 주변,대량변환으로 좌표검색 보류","양식,레스토랑,외식",pending_geocode,
p105,인덕원_권역,아띠오아나폴리핏제리아 송도점,meal,,,0,FALSE,FALSE,,TBD,,2026-06-16,"naver:과천 주변,대량변환으로 좌표검색 보류","이탈리아음식,화덕피자,양식",pending_geocode,
p106,인덕원_권역,베이커리율교P3120,cafe,,,0,FALSE,FALSE,,TBD,,2026-06-16,"naver:과천 주변,대량변환으로 좌표검색 보류","베이커리,디저트,빵집",pending_geocode,
p107,인덕원_권역,안스베이커리 송도점,cafe,,,0,FALSE,FALSE,,TBD,,2026-06-16,"naver:과천 주변,대량변환으로 좌표검색 보류","베이커리,디저트,유명빵집",pending_geocode,
p108,인덕원_권역,현대옥 송도신도시점,meal,,,0,FALSE,FALSE,,TBD,,2026-06-16,"naver:과천 주변,대량변환으로 좌표검색 보류","국밥,한식,식당",pending_geocode,
p109,인덕원_권역,미인계옛날통닭 송도호반써밋점,meal,,,0,FALSE,FALSE,,TBD,,2026-06-16,"naver:과천 주변,대량변환으로 좌표검색 보류","치킨,닭강정,야식",pending_geocode,
p110,인덕원_권역,금별맥주 송도8공구점,meal,,,0,FALSE,FALSE,,TBD,,2026-06-16,"naver:과천 주변,대량변환으로 좌표검색 보류","맥주,호프,술집",pending_geocode,
p111,인덕원_권역,연남물갈비 인천송도점,meal,,,0,FALSE,FALSE,,TBD,,2026-06-16,"naver:과천 주변,대량변환으로 좌표검색 보류","육류,고기요리,물갈비",pending_geocode,
p112,인덕원_권역,컴포즈커피 인천송도호반써밋점,cafe,,,0,FALSE,FALSE,,TBD,,2026-06-16,"naver:과천 주변,대량변환으로 좌표검색 보류","카페,커피,프랜차이즈",pending_geocode,
p113,인덕원_권역,솥고집 송도8공구점,meal,,,0,FALSE,FALSE,,TBD,,2026-06-16,"naver:과천 주변,대량변환으로 좌표검색 보류","육류,고기요리,식당",pending_geocode,
p114,인덕원_권역,미담순대국,meal,,,0,FALSE,FALSE,,TBD,,2026-06-16,"naver:과천 주변,대량변환으로 좌표검색 보류","순대,순댓국,한식",pending_geocode,
p115,인덕원_권역,화이트오페라,cafe,,,0,FALSE,FALSE,,TBD,,2026-06-16,"naver:과천 주변,대량변환으로 좌표검색 보류","케이크전문,디저트,베이커리",pending_geocode,
p116,인덕원_권역,고쉐프의 신선한 초밥 in청라,meal,,,0,FALSE,FALSE,,TBD,,2026-06-16,"naver:과천 주변,대량변환으로 좌표검색 보류","초밥,롤,일식",pending_geocode,
p117,인덕원_권역,괭이부리마을 청라점,meal,,,0,FALSE,FALSE,,TBD,,2026-06-16,"naver:과천 주변,대량변환으로 좌표검색 보류","한식,식당,외식",pending_geocode,
p118,인덕원_권역,구수옥설렁탕,meal,,,0,FALSE,FALSE,,TBD,,2026-06-16,"naver:과천 주변,대량변환으로 좌표검색 보류","곰탕,설렁탕,한식",pending_geocode,
p119,인덕원_권역,맷돌로만 청량산점,meal,,,0,FALSE,FALSE,,TBD,,2026-06-16,"naver:과천 주변,대량변환으로 좌표검색 보류","두부요리,한식,식당",pending_geocode,
p120,인덕원_권역,갈로파커피로스터스 송도점,cafe,,,0,FALSE,FALSE,,TBD,,2026-06-16,"naver:과천 주변,대량변환으로 좌표검색 보류","카페,디저트,커피",pending_geocode,
p121,인덕원_권역,진천토종순대,meal,,,0,FALSE,FALSE,,TBD,,2026-06-16,"naver:과천 주변,대량변환으로 좌표검색 보류","순대,순댓국,한식",pending_geocode,
p122,인덕원_권역,동춘사골순대국 동춘본점,meal,,,0,FALSE,FALSE,,TBD,,2026-06-16,"naver:과천 주변,대량변환으로 좌표검색 보류","순대,순댓국,한식",pending_geocode,
p123,인덕원_권역,장심도 한국본점,meal,,,0,FALSE,FALSE,,TBD,,2026-06-16,"naver:과천 주변,대량변환으로 좌표검색 보류","장어,먹장어요리,보양식",pending_geocode,
p124,인덕원_권역,셀레브르,cafe,,,0,FALSE,FALSE,,TBD,,2026-06-16,"naver:과천 주변,대량변환으로 좌표검색 보류","카페,디저트,커피",pending_geocode,
p125,인덕원_권역,연수구 전통음식문화체험관,activity,,,0,FALSE,FALSE,,TBD,,2026-06-16,"naver:과천 주변,대량변환으로 좌표검색 보류","체험,홍보관,문화시설",pending_geocode,
p126,인덕원_권역,망원떡갈비,meal,,,0,FALSE,FALSE,,TBD,,2026-06-16,"naver:과천 주변,대량변환으로 좌표검색 보류","육류,고기요리,떡갈비",pending_geocode,
p127,인덕원_권역,베토벤하우스,cafe,,,0,FALSE,FALSE,,TBD,,2026-06-16,"naver:과천 주변,대량변환으로 좌표검색 보류","카페,디저트,음악",pending_geocode,
p128,인덕원_권역,자연도소금빵,cafe,,,0,FALSE,FALSE,,TBD,,2026-06-16,"naver:과천 주변,대량변환으로 좌표검색 보류","베이커리,소금빵,디저트",pending_geocode,
p129,인덕원_권역,여의도 한강공원1주차장,activity,,,0,TRUE,FALSE,,TBD,,2026-06-16,"naver:과천 주변,대량변환으로 좌표검색 보류","주차장,야외,공원",pending_geocode,
p130,인덕원_권역,호텔이본 옳음,meal,,,0,FALSE,FALSE,,TBD,,2026-06-16,"naver:과천 주변,대량변환으로 좌표검색 보류","한식,파인다이닝,식당",pending_geocode,
p131,인덕원_권역,남도돼지촌,meal,,,0,FALSE,FALSE,,TBD,,2026-06-16,"naver:과천 주변,대량변환으로 좌표검색 보류","육류,돼지고기구이,식당",pending_geocode,
p132,인덕원_권역,도량,meal,,,0,FALSE,FALSE,,TBD,,2026-06-16,"naver:과천 주변,대량변환으로 좌표검색 보류","중식당,식당,외식",pending_geocode,
p133,인덕원_권역,계향각,meal,,,0,FALSE,FALSE,,TBD,,2026-06-16,"naver:과천 주변,대량변환으로 좌표검색 보류","중식당,식당,외식",pending_geocode,
p134,인덕원_권역,신세계백화점 본점 더 리저브,activity,,,0,FALSE,FALSE,,TBD,,2026-06-16,"naver:과천 주변,대량변환으로 좌표검색 보류","백화점,쇼핑,실내",pending_geocode,
p135,인덕원_권역,롯데백화점 인천점,activity,,,0,FALSE,FALSE,,TBD,,2026-06-16,"naver:과천 주변,대량변환으로 좌표검색 보류","백화점,쇼핑,실내",pending_geocode,
p136,인덕원_권역,반포 한강공원,activity,,,0,TRUE,FALSE,,TBD,,2026-06-16,"naver:과천 주변,대량변환으로 좌표검색 보류","시민공원,산책,야외",pending_geocode,
p137,인덕원_권역,삼성스토어 연수송도,activity,,,0,FALSE,FALSE,,TBD,,2026-06-16,"naver:과천 주변,대량변환으로 좌표검색 보류","종합가전,쇼핑,전자제품",pending_geocode,
p138,인덕원_권역,삼성청과,activity,,,0,FALSE,FALSE,,TBD,,2026-06-16,"naver:과천 주변,대량변환으로 좌표검색 보류","채소,시장,식자재",pending_geocode,
p139,인덕원_권역,컴인워시 송도점,activity,,,0,FALSE,FALSE,,TBD,,2026-06-16,"naver:과천 주변,대량변환으로 좌표검색 보류","세차,자동차,시설",pending_geocode,
p140,인덕원_권역,HD현대오일뱅크 오일네트워크 인천항훼미리,activity,,,0,FALSE,FALSE,,TBD,,2026-06-16,"naver:과천 주변,대량변환으로 좌표검색 보류","주유소,자동차,시설",pending_geocode,
p141,인덕원_권역,HD현대오일뱅크 선학현대주유소,activity,,,0,FALSE,FALSE,,TBD,,2026-06-16,"naver:과천 주변,대량변환으로 좌표검색 보류","주유소,자동차,시설",pending_geocode,
p142,인덕원_권역,이케아 광명점,activity,,,0,FALSE,FALSE,,TBD,,2026-06-16,"naver:과천 주변,대량변환으로 좌표검색 보류","가구,쇼핑,인테리어",pending_geocode,
p143,인덕원_권역,북악팔각정,view,,,0,TRUE,FALSE,,TBD,,2026-06-16,"naver:과천 주변,대량변환으로 좌표검색 보류","도시공원,테마공원,전망",pending_geocode,
p144,인덕원_권역,라띠에르,activity,,,0,FALSE,FALSE,,TBD,,2026-06-16,"naver:과천 주변,대량변환으로 좌표검색 보류","미용실,뷰티,시설",pending_geocode,
p145,인덕원_권역,영춘옥,meal,,,0,FALSE,FALSE,,TBD,,2026-06-16,"naver:과천 주변,대량변환으로 좌표검색 보류","곰탕,설렁탕,한식",pending_geocode,
p146,인덕원_권역,맛맛향,meal,,,0,FALSE,FALSE,,TBD,,2026-06-16,"naver:과천 주변,대량변환으로 좌표검색 보류","중식당,식당,외식",pending_geocode,
p147,인덕원_권역,꺼거,meal,,,0,FALSE,FALSE,,TBD,,2026-06-16,"naver:과천 주변,대량변환으로 좌표검색 보류","중식당,식당,외식",pending_geocode,
p148,인덕원_권역,효뜨,meal,,,0,FALSE,FALSE,,TBD,,2026-06-16,"naver:과천 주변,대량변환으로 좌표검색 보류","베트남음식,아시아음식,식당",pending_geocode,
p149,인덕원_권역,키보,meal,,,0,FALSE,FALSE,,TBD,,2026-06-16,"naver:과천 주변,대량변환으로 좌표검색 보류","이자카야,술집,일식",pending_geocode,
p150,인덕원_권역,올라아보 이수본점,meal,,,0,FALSE,FALSE,,TBD,,2026-06-16,"naver:과천 주변,대량변환으로 좌표검색 보류","멕시코음식,남미음식,식당",pending_geocode,
p151,인덕원_권역,파브리키친,meal,,,0,FALSE,FALSE,,TBD,,2026-06-16,"naver:과천 주변,대량변환으로 좌표검색 보류","이탈리아음식,양식,식당",pending_geocode,
p152,인덕원_권역,현선이네 용산본점,meal,,,0,FALSE,FALSE,,TBD,,2026-06-16,"naver:과천 주변,대량변환으로 좌표검색 보류","떡볶이,분식,식당",pending_geocode,
p153,인덕원_권역,카페폭포,cafe,,,0,FALSE,FALSE,,TBD,,2026-06-16,"naver:과천 주변,대량변환으로 좌표검색 보류","카페,디저트,경치",pending_geocode,
p154,인덕원_권역,홍두깨손칼국수,meal,,,0,FALSE,FALSE,,TBD,,2026-06-16,"naver:과천 주변,대량변환으로 좌표검색 보류","국수,칼국수,식당",pending_geocode,
p155,인덕원_권역,훈훈호떡,meal,,,0,FALSE,FALSE,,TBD,,2026-06-16,"naver:과천 주변,대량변환으로 좌표검색 보류","호떡,길거리음식,간식",pending_geocode,
p156,인덕원_권역,우이락 망원본점,meal,,,0,FALSE,FALSE,,TBD,,2026-06-16,"naver:과천 주변,대량변환으로 좌표검색 보류","한식,식당,외식",pending_geocode,
p157,인덕원_권역,어글리베이커리,cafe,,,0,FALSE,FALSE,,TBD,,2026-06-16,"naver:과천 주변,대량변환으로 좌표검색 보류","베이커리,디저트,빵집",pending_geocode,
p158,인덕원_권역,호카 롯데백화점 본점,activity,,,0,FALSE,FALSE,,TBD,,2026-06-16,"naver:과천 주변,대량변환으로 좌표검색 보류","스포츠용품,쇼핑,의류",pending_geocode,
p159,인덕원_권역,러너스클럽,activity,,,0,FALSE,FALSE,,TBD,,2026-06-16,"naver:과천 주변,대량변환으로 좌표검색 보류","달리기,마라톤,스포츠",pending_geocode,
p160,인덕원_권역,덕수정,meal,,,0,FALSE,FALSE,,TBD,,2026-06-16,"naver:과천 주변,대량변환으로 좌표검색 보류","한식,식당,외식",pending_geocode,
p161,인덕원_권역,춘선네,meal,,,0,FALSE,FALSE,,TBD,,2026-06-16,"naver:과천 주변,대량변환으로 좌표검색 보류","한식,식당,외식",pending_geocode,
p162,인덕원_권역,가겐 by 최준호,meal,,,0,FALSE,FALSE,,TBD,,2026-06-16,"naver:과천 주변,대량변환으로 좌표검색 보류","일식당,다이닝,식당",pending_geocode,
p163,인덕원_권역,남영돈,meal,,,0,FALSE,FALSE,,TBD,,2026-06-16,"naver:과천 주변,대량변환으로 좌표검색 보류","돼지고기구이,육류,맛집",pending_geocode,
p164,인덕원_권역,금돼지식당,meal,,,0,FALSE,FALSE,,TBD,,2026-06-16,"naver:과천 주변,대량변환으로 좌표검색 보류","돼지고기구이,육류,맛집",pending_geocode,
p165,인덕원_권역,부베트,meal,,,0,FALSE,FALSE,,TBD,,2026-06-16,"naver:과천 주변,대량변환으로 좌표검색 보류","프랑스음식,양식,레스토랑",pending_geocode,
p166,인덕원_권역,빠넬로,meal,,,0,FALSE,FALSE,,TBD,,2026-06-16,"naver:과천 주변,대량변환으로 좌표검색 보류","이탈리아음식,양식,식당",pending_geocode,
p167,인덕원_권역,리알토,meal,,,0,FALSE,FALSE,,TBD,,2026-06-16,"naver:과천 주변,대량변환으로 좌표검색 보류","이탈리아음식,양식,식당",pending_geocode,
p168,인덕원_권역,에그앤플라워,meal,,,0,FALSE,FALSE,,TBD,,2026-06-16,"naver:과천 주변,대량변환으로 좌표검색 보류","스파게티,파스타,양식",pending_geocode,
p169,인덕원_권역,합정옥,meal,,,0,FALSE,FALSE,,TBD,,2026-06-16,"naver:과천 주변,대량변환으로 좌표검색 보류","곰탕,설렁탕,한식",pending_geocode,
p170,인덕원_권역,프로토콜 연희점,cafe,,,0,FALSE,FALSE,,TBD,,2026-06-16,"naver:과천 주변,대량변환으로 좌표검색 보류","카페,디저트,커피",pending_geocode,
p171,인덕원_권역,도화공영주차장,activity,,,0,TRUE,FALSE,,TBD,,2026-06-16,"naver:과천 주변,대량변환으로 좌표검색 보류","공영주차장,주차,야외",pending_geocode,
p172,인덕원_권역,프릳츠 도화점,cafe,,,0,FALSE,FALSE,,TBD,,2026-06-16,"naver:과천 주변,대량변환으로 좌표검색 보류","카페,디저트,커피",pending_geocode,
p173,인덕원_권역,아이덴티티커피랩,cafe,,,0,FALSE,FALSE,,TBD,,2026-06-16,"naver:과천 주변,대량변환으로 좌표검색 보류","카페,디저트,커피",pending_geocode,
p174,인덕원_권역,도덕과 규범,cafe,,,0,FALSE,FALSE,,TBD,,2026-06-16,"naver:과천 주변,대량변환으로 좌표검색 보류","카페,디저트,커피",pending_geocode,
p175,인덕원_권역,쿤쏨차이,meal,,,0,FALSE,FALSE,,TBD,,2026-06-16,"naver:과천 주변,대량변환으로 좌표검색 보류","태국음식,아시아음식,식당",pending_geocode,
p176,인덕원_권역,청어람 망원본점,meal,,,0,FALSE,FALSE,,TBD,,2026-06-16,"naver:과천 주변,대량변환으로 좌표검색 보류","곱창,막창,양",pending_geocode,
p177,인덕원_권역,자반식당,meal,,,0,FALSE,FALSE,,TBD,,2026-06-16,"naver:과천 주변,대량변환으로 좌표검색 보류","한식,식당,외식",pending_geocode,
p178,인덕원_권역,봉평재래시장,activity,,,0,TRUE,FALSE,,TBD,,2026-06-16,"naver:과천 주변,대량변환으로 좌표검색 보류","시장,전통시장,쇼핑",pending_geocode,
p179,인덕원_권역,딥버거,meal,,,0,FALSE,FALSE,,TBD,,2026-06-16,"naver:과천 주변,대량변환으로 좌표검색 보류","햄버거,패스트푸드,식당",pending_geocode,
p180,인덕원_권역,대관령감자빵,cafe,,,0,FALSE,FALSE,,TBD,,2026-06-16,"naver:과천 주변,대량변환으로 좌표검색 보류","브런치카페,베이커리,디저트",pending_geocode,
p181,인덕원_권역,오대산 산촌,meal,,,0,FALSE,FALSE,,TBD,,2026-06-16,"naver:과천 주변,대량변환으로 좌표검색 보류","한식,식당,향토음식",pending_geocode,
p182,인덕원_권역,황태회관,meal,,,0,FALSE,FALSE,,TBD,,2026-06-16,"naver:과천 주변,대량변환으로 좌표검색 보류","해물요리,생선요리,식당",pending_geocode,
p183,인덕원_권역,대관령양떼식당,meal,,,0,FALSE,FALSE,,TBD,,2026-06-16,"naver:과천 주변,대량변환으로 좌표검색 보류","육류,고기요리,식당",pending_geocode,
p184,인덕원_권역,나폴리피자 대관령본점,meal,,,0,FALSE,FALSE,,TBD,,2026-06-16,"naver:과천 주변,대량변환으로 좌표검색 보류","피자,양식,식당",pending_geocode,
p185,인덕원_권역,진부 풍천숯불민물장어촌,meal,,,0,FALSE,FALSE,,TBD,,2026-06-16,"naver:과천 주변,대량변환으로 좌표검색 보류","장어요리,먹장어,보양식",pending_geocode,
p186,인덕원_권역,대관령자연애,meal,,,0,FALSE,FALSE,,TBD,,2026-06-16,"naver:과천 주변,대량변환으로 좌표검색 보류","한식,식당,외식",pending_geocode,
p187,인덕원_권역,황태통나무집식당,meal,,,0,FALSE,FALSE,,TBD,,2026-06-16,"naver:과천 주변,대량변환으로 좌표검색 보류","한식,식당,외식",pending_geocode,
p188,인덕원_권역,이촌쉼터,meal,,,0,FALSE,FALSE,,TBD,,2026-06-16,"naver:과천 주변,대량변환으로 좌표검색 보류","한식,식당,외식",pending_geocode,
p189,인덕원_권역,봉평짚불이네,meal,,,0,FALSE,FALSE,,TBD,,2026-06-16,"naver:과천 주변,대량변환으로 좌표검색 보류","육류,고기요리,식당",pending_geocode,
p190,인덕원_권역,꼬로베이,meal,,,0,FALSE,FALSE,,TBD,,2026-06-16,"naver:과천 주변,대량변환으로 좌표검색 보류","양식,식당,외식",pending_geocode,
p191,인덕원_권역,휘닉스 파크 몽블랑,cafe,,,0,FALSE,FALSE,,TBD,,2026-06-16,"naver:과천 주변,대량변환으로 좌표검색 보류","카페,디저트,경치",pending_geocode,
p192,인덕원_권역,회동집,meal,,,0,FALSE,FALSE,,TBD,,2026-06-16,"naver:과천 주변,대량변환으로 좌표검색 보류","한식,식당,향토음식",pending_geocode,
p193,인덕원_권역,휘닉스평창호텔,view,,,0,FALSE,FALSE,,TBD,,2026-06-16,"naver:과천 주변,대량변환으로 좌표검색 보류","호텔,숙박,휴양",pending_geocode,
p194,인덕원_권역,삼교리동치미막국수 대관령점,meal,,,0,FALSE,FALSE,,TBD,,2026-06-16,"naver:과천 주변,대량변환으로 좌표검색 보류","막국수,면요리,식당",pending_geocode,
p195,인덕원_권역,하이원리조트 알파인코스터,activity,,,0,TRUE,FALSE,,TBD,,2026-06-16,"naver:과천 주변,대량변환으로 좌표검색 보류","레일바이크,액티비티,놀이",pending_geocode,
p196,인덕원_권역,발왕산 관광케이블카,activity,,,0,TRUE,FALSE,,TBD,,2026-06-16,"naver:과천 주변,대량변환으로 좌표검색 보류","케이블카,관광,전망",pending_geocode,
p197,인덕원_권역,스시바시쿠,meal,,,0,FALSE,FALSE,,TBD,,2026-06-16,"naver:과천 주변,대량변환으로 좌표검색 보류","일식당,초밥,식당",pending_geocode,
p198,인덕원_권역,황남칼국수 경주본점,meal,,,0,FALSE,FALSE,,TBD,,2026-06-16,"naver:과천 주변,대량변환으로 좌표검색 보류","칼국수,만두,식당",pending_geocode,
p199,인덕원_권역,월영교,view,,,0,TRUE,FALSE,,TBD,,2026-06-16,"naver:과천 주변,대량변환으로 좌표검색 보류","지역명소,야경,관광",pending_geocode,
p200,인덕원_권역,월영당,cafe,,,0,FALSE,FALSE,,TBD,,2026-06-16,"naver:과천 주변,대량변환으로 좌표검색 보류","카페,디저트,한옥",pending_geocode,
p201,인덕원_권역,라라룬,cafe,,,0,FALSE,FALSE,,TBD,,2026-06-16,"naver:과천 주변,대량변환으로 좌표검색 보류","카페,디저트,커피",pending_geocode,
p202,인덕원_권역,은정횟집 본점,meal,,,0,FALSE,FALSE,,TBD,,2026-06-16,"naver:과천 주변,대량변환으로 좌표검색 보류","복어요리,해산물,식당",pending_geocode,
p203,인덕원_권역,도미,meal,,,0,FALSE,FALSE,,TBD,,2026-06-16,"naver:과천 주변,대량변환으로 좌표검색 보류","이탈리아음식,양식,식당",pending_geocode,
p204,인덕원_권역,월정제과,cafe,,,0,FALSE,FALSE,,TBD,,2026-06-16,"naver:과천 주변,대량변환으로 좌표검색 보류","제과,제빵,베이커리",pending_geocode,
p205,인덕원_권역,경주신라반상 수리뫼,meal,,,0,FALSE,FALSE,,TBD,,2026-06-16,"naver:과천 주변,대량변환으로 좌표검색 보류","한정식,한식,식당",pending_geocode,
p206,인덕원_권역,가마솥족발,meal,,,0,FALSE,FALSE,,TBD,,2026-06-16,"naver:과천 주변,대량변환으로 좌표검색 보류","족발,보쌈,고기요리",pending_geocode,
p207,인덕원_권역,이재원과자공방,cafe,,,0,FALSE,FALSE,,TBD,,2026-06-16,"naver:과천 주변,대량변환으로 좌표검색 보류","케이크전문,디저트,베이커리",pending_geocode,
p208,인덕원_권역,경주풍력발전,view,,,0,TRUE,FALSE,,TBD,,2026-06-16,"naver:과천 주변,대량변환으로 좌표검색 보류","기업,시설,전망",pending_geocode,
p209,인덕원_권역,라한셀렉트 경주,view,,,0,FALSE,FALSE,,TBD,,2026-06-16,"naver:과천 주변,대량변환으로 좌표검색 보류","호텔,숙박,휴양",pending_geocode,
p210,인덕원_권역,알천장어,meal,,,0,FALSE,FALSE,,TBD,,2026-06-16,"naver:과천 주변,대량변환으로 좌표검색 보류","장어요리,보양식,식당",pending_geocode,
p211,인덕원_권역,동천부경숯불갈비,meal,,,0,FALSE,FALSE,,TBD,,2026-06-16,"naver:과천 주변,대량변환으로 좌표검색 보류","육류,고기요리,갈비",pending_geocode,
p212,인덕원_권역,소사이어티나귀,meal,,,0,FALSE,FALSE,,TBD,,2026-06-16,"naver:과천 주변,대량변환으로 좌표검색 보류","양식,식당,외식",pending_geocode,
p213,인덕원_권역,덕평자연휴게소(강릉방향),activity,,,0,TRUE,FALSE,,TBD,,2026-06-16,"naver:과천 주변,대량변환으로 좌표검색 보류","고속도로휴게소,휴게시설,휴식",pending_geocode,
p214,인덕원_권역,개화식당,meal,,,0,FALSE,FALSE,,TBD,,2026-06-16,"naver:과천 주변,대량변환으로 좌표검색 보류","중식당,식당,외식",pending_geocode,
p215,인덕원_권역,만리궁,meal,,,0,FALSE,FALSE,,TBD,,2026-06-16,"naver:과천 주변,대량변환으로 좌표검색 보류","중식당,식당,외식",pending_geocode,
p216,인덕원_권역,짱또뽀끼야 신방점,meal,,,0,FALSE,FALSE,,TBD,,2026-06-16,"naver:과천 주변,대량변환으로 좌표검색 보류","종합분식,분식,식당",pending_geocode,
p217,인덕원_권역,첨성대,view,,,0,TRUE,FALSE,,TBD,,2026-06-16,"naver:과천 주변,대량변환으로 좌표검색 보류","문화,유적,명소",pending_geocode,
p218,인덕원_권역,동궁과 월지,view,,,0,TRUE,FALSE,,TBD,,2026-06-16,"naver:과천 주변,대량변환으로 좌표검색 보류","호수,연못,야경",pending_geocode,
p219,인덕원_권역,경주 버드파크,activity,,,0,FALSE,FALSE,,TBD,,2026-06-16,"naver:과천 주변,대량변환으로 좌표검색 보류","동물원,실내,관람",pending_geocode,
p220,인덕원_권역,하늘정원주차장입구,activity,,,0,TRUE,FALSE,,TBD,,2026-06-16,"naver:과천 주변,대량변환으로 좌표검색 보류","방면정보,주차,야외",pending_geocode,
p221,인덕원_권역,포지티브 스페이스566,cafe,,,0,FALSE,FALSE,,TBD,,2026-06-16,"naver:과천 주변,대량변환으로 좌표검색 보류","카페,대형카페,디저트",pending_geocode,
p222,인덕원_권역,원미산진달래축제,activity,,,0,TRUE,FALSE,,TBD,,2026-06-16,"naver:과천 주변,대량변환으로 좌표검색 보류","꽃축제,야외,명소",pending_geocode,
p223,인덕원_권역,선운정사,view,,,0,TRUE,FALSE,,TBD,,2026-06-16,"naver:과천 주변,대량변환으로 좌표검색 보류","절,사찰,명소",pending_geocode,
p224,인덕원_권역,여주프리미엄아울렛,activity,,,0,TRUE,FALSE,,TBD,,2026-06-16,"naver:과천 주변,대량변환으로 좌표검색 보류","아울렛,쇼핑,야외",pending_geocode,
p225,인덕원_권역,방동가든,meal,,,0,FALSE,FALSE,,TBD,,2026-06-16,"naver:과천 주변,대량변환으로 좌표검색 보류","돼지고기구이,육류,식당",pending_geocode,
p226,인덕원_권역,커피인터뷰,cafe,,,0,FALSE,FALSE,,TBD,,2026-06-16,"naver:과천 주변,대량변환으로 좌표검색 보류","카페,디저트,커피",pending_geocode,
p227,인덕원_권역,델빠네 오월드,cafe,,,0,FALSE,FALSE,,TBD,,2026-06-16,"naver:과천 주변,대량변환으로 좌표검색 보류","브런치,카페,식당",pending_geocode,
p228,인덕원_권역,구백식당,meal,,,0,FALSE,FALSE,,TBD,,2026-06-16,"naver:과천 주변,대량변환으로 좌표검색 보류","생선회,해산물,식당",pending_geocode,
p229,인덕원_권역,순이네밥상,meal,,,0,FALSE,FALSE,,TBD,,2026-06-16,"naver:과천 주변,대량변환으로 좌표검색 보류","한식,식당,외식",pending_geocode,
p230,인덕원_권역,아르떼뮤지엄 여수,activity,,,0,FALSE,FALSE,,TBD,,2026-06-16,"naver:과천 주변,대량변환으로 좌표검색 보류","미술관,전시,실내",pending_geocode,
p231,인덕원_권역,아쿠아플라넷 여수,activity,,,0,FALSE,FALSE,,TBD,,2026-06-16,"naver:과천 주변,대량변환으로 좌표검색 보류","아쿠아리움,실내,수족관",pending_geocode,
p232,인덕원_권역,깔라까따 리조트,view,,,0,FALSE,FALSE,,TBD,,2026-06-16,"naver:과천 주변,대량변환으로 좌표검색 보류","콘도,리조트,숙박",pending_geocode,
p233,인덕원_권역,새풍년식당,meal,,,0,FALSE,FALSE,,TBD,,2026-06-16,"naver:과천 주변,대량변환으로 좌표검색 보류","한식,식당,외식",pending_geocode,
p234,인덕원_권역,녹원갈비,meal,,,0,FALSE,FALSE,,TBD,,2026-06-16,"naver:과천 주변,대량변환으로 좌표검색 보류","육류,고기요리,갈비",pending_geocode,
p235,인덕원_권역,여수수산시장,activity,,,0,TRUE,FALSE,,TBD,,2026-06-16,"naver:과천 주변,대량변환으로 좌표검색 보류","시장,쇼핑,수산물",pending_geocode,
p236,인덕원_권역,녹테마레,activity,,,0,FALSE,FALSE,,TBD,,2026-06-16,"naver:과천 주변,대량변환으로 좌표검색 보류","미디어아트테마파크,실내,전시",pending_geocode,
p237,인덕원_권역,계수가든,meal,,,0,FALSE,FALSE,,TBD,,2026-06-16,"naver:과천 주변,대량변환으로 좌표검색 보류","육류,고기요리,식당",pending_geocode,
p238,인덕원_권역,메이필드호텔 낙원,meal,,,0,FALSE,FALSE,,TBD,,2026-06-16,"naver:과천 주변,대량변환으로 좌표검색 보류","육류,고기요리,호텔다이닝",pending_geocode,
p239,인덕원_권역,린린,meal,,,0,FALSE,FALSE,,TBD,,2026-06-16,"naver:과천 주변,대량변환으로 좌표검색 보류","중식당,식당,외식",pending_geocode,
p240,인덕원_권역,적덕식당,meal,,,0,FALSE,FALSE,,TBD,,2026-06-16,"naver:과천 주변,대량변환으로 좌표검색 보류","한식,식당,두부두루치기",pending_geocode,
p241,인덕원_권역,모녀떡볶이,meal,,,0,FALSE,FALSE,,TBD,,2026-06-16,"naver:과천 주변,대량변환으로 좌표검색 보류","떡볶이,분식,식당",pending_geocode,
p242,인덕원_권역,한림민속5일시장,activity,,,0,TRUE,FALSE,,TBD,,2026-06-16,"naver:과천 주변,대량변환으로 좌표검색 보류","시장,전통시장,쇼핑",pending_geocode,
p243,인덕원_권역,김녕오라이,meal,,,0,FALSE,FALSE,,TBD,,2026-06-16,"naver:과천 주변,대량변환으로 좌표검색 보류","생선회,해산물,식당",pending_geocode,
p244,인덕원_권역,제주신화월드 랜딩 컨벤션 센터,activity,,,0,FALSE,FALSE,,TBD,,2026-06-16,"naver:과천 주변,대량변환으로 좌표검색 보류","컨벤션센터,시설,실내",pending_geocode,
p245,인덕원_권역,해물오빠 제주 모슬포 본점,meal,,,0,FALSE,FALSE,,TBD,,2026-06-16,"naver:과천 주변,대량변환으로 좌표검색 보류","조개요리,해산물,식당",pending_geocode,
p246,인덕원_권역,미영이네,meal,,,0,FALSE,FALSE,,TBD,,2026-06-16,"naver:과천 주변,대량변환으로 좌표검색 보류","생선회,해산물,식당",pending_geocode,
p247,인덕원_권역,광복이네,meal,,,0,FALSE,FALSE,,TBD,,2026-06-16,"naver:과천 주변,대량변환으로 좌표검색 보류","한식,식당,외식",pending_geocode,
p248,인덕원_권역,넉둥베기,meal,,,0,FALSE,FALSE,,TBD,,2026-06-16,"naver:과천 주변,대량변환으로 좌표검색 보류","한식,식당,외식",pending_geocode,
p249,인덕원_권역,화성식당,meal,,,0,FALSE,FALSE,,TBD,,2026-06-16,"naver:과천 주변,대량변환으로 좌표검색 보류","한식,식당,외식",pending_geocode,
p250,인덕원_권역,집의기록상점,cafe,,,0,FALSE,FALSE,,TBD,,2026-06-16,"naver:과천 주변,대량변환으로 좌표검색 보류","베이커리,디저트,소품샵",pending_geocode,
p251,인덕원_권역,빵귿,cafe,,,0,FALSE,FALSE,,TBD,,2026-06-16,"naver:과천 주변,대량변환으로 좌표검색 보류","베이커리,빵집,디저트",pending_geocode,
p252,인덕원_권역,이끼숲소길,cafe,,,0,FALSE,FALSE,,TBD,,2026-06-16,"naver:과천 주변,대량변환으로 좌표검색 보류","카페,자연,디저트",pending_geocode,
p253,인덕원_권역,풍양양꼬치,meal,,,0,FALSE,FALSE,,TBD,,2026-06-16,"naver:과천 주변,대량변환으로 좌표검색 보류","양꼬치,육류,식당",pending_geocode,
p254,인덕원_권역,치저스,meal,,,0,FALSE,FALSE,,TBD,,2026-06-16,"naver:과천 주변,대량변환으로 좌표검색 보류","양식,식당,외식",pending_geocode,
p255,인덕원_권역,아니따 파스타 한림금악본점,meal,,,0,FALSE,FALSE,,TBD,,2026-06-16,"naver:과천 주변,대량변환으로 좌표검색 보류","이탈리아음식,파스타,양식",pending_geocode,
p256,인덕원_권역,천일만두,meal,,,0,FALSE,FALSE,,TBD,,2026-06-16,"naver:과천 주변,대량변환으로 좌표검색 보류","딤섬,중식만두,식당",pending_geocode,
p257,인덕원_권역,이호테우해수욕장,activity,,,0,TRUE,FALSE,,TBD,,2026-06-16,"naver:과천 주변,대량변환으로 좌표검색 보류","해수욕장,해변,바다",pending_geocode,
p258,인덕원_권역,네거리식당,meal,,,0,FALSE,FALSE,,TBD,,2026-06-16,"naver:과천 주변,대량변환으로 좌표검색 보류","해물요리,생선요리,식당",pending_geocode,
p259,인덕원_권역,바다술상,meal,,,0,FALSE,FALSE,,TBD,,2026-06-16,"naver:과천 주변,대량변환으로 좌표검색 보류","생선회,해산물,식당",pending_geocode,
p260,인덕원_권역,만복반미 노형쌀국수,meal,,,0,FALSE,FALSE,,TBD,,2026-06-16,"naver:과천 주변,대량변환으로 좌표검색 보류","베트남음식,쌀국수,식당",pending_geocode,
p261,인덕원_권역,라바르,cafe,,,0,FALSE,FALSE,,TBD,,2026-06-16,"naver:과천 주변,대량변환으로 좌표검색 보류","카페,디저트,커피",pending_geocode,
p262,인덕원_권역,더플래닛,activity,,,0,FALSE,FALSE,,TBD,,2026-06-16,"naver:과천 주변,대량변환으로 좌표검색 보류","여행사,관광,시설",pending_geocode,
p263,인덕원_권역,이니스프리 제주하우스,activity,,,0,FALSE,FALSE,,TBD,,2026-06-16,"naver:과천 주변,대량변환으로 좌표검색 보류","화장품,체험,쇼핑",pending_geocode,
p264,인덕원_권역,친밀 제주,meal,,,0,FALSE,FALSE,,TBD,,2026-06-16,"naver:과천 주변,대량변환으로 좌표검색 보류","양식,식당,외식",pending_geocode,
p265,인덕원_권역,미스칠 제주공항본점,meal,,,0,FALSE,FALSE,,TBD,,2026-06-16,"naver:과천 주변,대량변환으로 좌표검색 보류","한식,식당,외식",pending_geocode,
p266,인덕원_권역,온더스톤 브런치카페 제주성산점,cafe,,,0,FALSE,FALSE,,TBD,,2026-06-16,"naver:과천 주변,대량변환으로 좌표검색 보류","브런치,카페,디저트",pending_geocode,
p267,인덕원_권역,구좌읍 종달리 카페 보롬창고,cafe,,,0,FALSE,FALSE,,TBD,,2026-06-16,"naver:과천 주변,대량변환으로 좌표검색 보류","카페,디저트,커피",pending_geocode,
p268,인덕원_권역,톰톰카레,meal,,,0,FALSE,FALSE,,TBD,,2026-06-16,"naver:과천 주변,대량변환으로 좌표검색 보류","아시아음식,카레,식당",pending_geocode,
p269,인덕원_권역,달이뜨는식탁 구좌 월정리 본점,meal,,,0,FALSE,FALSE,,TBD,,2026-06-16,"naver:과천 주변,대량변환으로 좌표검색 보류","양식,식당,외식",pending_geocode,
p270,인덕원_권역,칸스 다이닝 제주,meal,,,0,FALSE,FALSE,,TBD,,2026-06-16,"naver:과천 주변,대량변환으로 좌표검색 보류","양식,레스토랑,다이닝",pending_geocode,
p271,인덕원_권역,자연스러운식당,meal,,,0,FALSE,FALSE,,TBD,,2026-06-16,"naver:과천 주변,대량변환으로 좌표검색 보류","그리스음식,양식,식당",pending_geocode,
p272,인덕원_권역,한림칼국수,meal,,,0,FALSE,FALSE,,TBD,,2026-06-16,"naver:과천 주변,대량변환으로 좌표검색 보류","칼국수,만두,식당",pending_geocode,
p273,인덕원_권역,제주가보담 한우흑돼지 서귀포본점,meal,,,0,FALSE,FALSE,,TBD,,2026-06-16,"naver:과천 주변,대량변환으로 좌표검색 보류","육류,고기요리,흑돼지",pending_geocode,
p274,인덕원_권역,금능해수욕장,activity,,,0,TRUE,FALSE,,TBD,,2026-06-16,"naver:과천 주변,대량변환으로 좌표검색 보류","해수욕장,해변,바다",pending_geocode,
p275,인덕원_권역,프릳츠 제주성산점,cafe,,,0,FALSE,FALSE,,TBD,,2026-06-16,"naver:과천 주변,대량변환으로 좌표검색 보류","카페,디저트,커피",pending_geocode,
p276,인덕원_권역,블루엘리펀트 스페이스 제주,activity,,,0,FALSE,FALSE,,TBD,,2026-06-16,"naver:과천 주변,대량변환으로 좌표검색 보류","선글라스,쇼핑,안경",pending_geocode,
p277,인덕원_권역,콜마이키친,meal,,,0,FALSE,FALSE,,TBD,,2026-06-16,"naver:과천 주변,대량변환으로 좌표검색 보류","양식,식당,외식",pending_geocode,
p278,인덕원_권역,타코사노스 신풍점,meal,,,0,FALSE,FALSE,,TBD,,2026-06-16,"naver:과천 주변,대량변환으로 좌표검색 보류","멕시코음식,남미음식,타코",pending_geocode,
p279,인덕원_권역,가보정,meal,,,0,FALSE,FALSE,,TBD,,2026-06-16,"naver:과천 주변,대량변환으로 좌표검색 보류","육류,고기요리,갈비",pending_geocode,
p280,인덕원_권역,인스파이어 스플래시 베이,activity,,,0,FALSE,FALSE,,TBD,,2026-06-16,"naver:과천 주변,대량변환으로 좌표검색 보류","워터파크,물놀이,실내",pending_geocode,
p281,인덕원_권역,웨스턴파크 스파앤풀,activity,,,0,FALSE,FALSE,,TBD,,2026-06-16,"naver:과천 주변,대량변환으로 좌표검색 보류","수영장,수영,물놀이",pending_geocode,
p282,인덕원_권역,해양생태과학관,activity,,,0,FALSE,FALSE,,TBD,,2026-06-16,"naver:과천 주변,대량변환으로 좌표검색 보류","과학관,전시,관람",pending_geocode,
p283,인덕원_권역,네스트호텔,view,,,0,FALSE,FALSE,,TBD,,2026-06-16,"naver:과천 주변,대량변환으로 좌표검색 보류","호텔,숙박,휴양",pending_geocode,
p284,인덕원_권역,더위크앤 리조트,view,,,0,FALSE,FALSE,,TBD,,2026-06-16,"naver:과천 주변,대량변환으로 좌표검색 보류","콘도,리조트,숙박",pending_geocode,
p285,인덕원_권역,고고다이노키즈카페 청라점,kids,,,0,FALSE,FALSE,,TBD,,2026-06-16,"naver:과천 주변,대량변환으로 좌표검색 보류","키즈카페,실내놀이터,육아",pending_geocode,
p286,인덕원_권역,샌드라이빙 송도,kids,,,0,FALSE,FALSE,,TBD,,2026-06-16,"naver:과천 주변,대량변환으로 좌표검색 보류","키즈카페,실내놀이터,모래놀이",pending_geocode,
p287,인덕원_권역,해돋이공원고래들의숲방면주차장,activity,,,0,TRUE,FALSE,,TBD,,2026-06-16,"naver:과천 주변,대량변환으로 좌표검색 보류","주차장,공원,야외",pending_geocode,
p288,인덕원_권역,부천호수식물원 수피아,activity,,,0,FALSE,FALSE,,TBD,,2026-06-16,"naver:과천 주변,대량변환으로 좌표검색 보류","식물원,수목원,관람",pending_geocode,
p289,인덕원_권역,인천어린이과학관,activity,,,0,FALSE,FALSE,,TBD,,2026-06-16,"naver:과천 주변,대량변환으로 좌표검색 보류","과학관,체험,어린이",pending_geocode,
p290,인덕원_권역,국립인천해양박물관,activity,,,0,FALSE,FALSE,,TBD,,2026-06-16,"naver:과천 주변,대량변환으로 좌표검색 보류","박물관,전시,관람",pending_geocode,
p291,인덕원_권역,국립세계문자박물관,activity,,,0,FALSE,FALSE,,TBD,,2026-06-16,"naver:과천 주변,대량변환으로 좌표검색 보류","박물관,전시,관람",pending_geocode,
p292,인덕원_권역,웅진플레이도시,activity,,,0,FALSE,FALSE,,TBD,,2026-06-16,"naver:과천 주변,대량변환으로 좌표검색 보류","워터파크,물놀이,실내",pending_geocode,
p293,인덕원_권역,원더박스,activity,,,0,FALSE,FALSE,,TBD,,2026-06-16,"naver:과천 주변,대량변환으로 좌표검색 보류","테마파크,놀이공원,실내",pending_geocode,
p294,인덕원_권역,현대 모터스튜디오 고양,activity,,,0,FALSE,FALSE,,TBD,,2026-06-16,"naver:과천 주변,대량변환으로 좌표검색 보류","체험,홍보관,자동차",pending_geocode,
p295,인덕원_권역,파라다이스시티 씨메르,activity,,,0,FALSE,FALSE,,TBD,,2026-06-16,"naver:과천 주변,대량변환으로 좌표검색 보류","워터파크,수영장,휴양",pending_geocode,
p296,인덕원_권역,플레이아쿠아리움 부천,activity,,,0,FALSE,FALSE,,TBD,,2026-06-16,"naver:과천 주변,대량변환으로 좌표검색 보류","아쿠아리움,수족관,관람",pending_geocode,
p297,인덕원_권역,아쿠아플라넷 일산,activity,,,0,FALSE,FALSE,,TBD,,2026-06-16,"naver:과천 주변,대량변환으로 좌표검색 보류","아쿠아리움,수족관,관람",pending_geocode,
p298,인덕원_권역,미추홀공원 놀이터쪽 주차장,activity,,,0,TRUE,FALSE,,TBD,,2026-06-16,"naver:과천 주변,대량변환으로 좌표검색 보류","주차장,공원,야외",pending_geocode,
p299,인덕원_권역,상상샘 플레이 뮤지엄,kids,,,0,FALSE,FALSE,,TBD,,2026-06-16,"naver:과천 주변,대량변환으로 좌표검색 보류","키즈카페,실내놀이터,육아",pending_geocode,
p300,인덕원_권역,쥬라리움 하남점,activity,,,0,FALSE,FALSE,,TBD,,2026-06-16,"naver:과천 주변,대량변환으로 좌표검색 보류","동물원,실내,체험",pending_geocode,
p301,인덕원_권역,국립과천과학관,activity,,,0,FALSE,FALSE,,TBD,,2026-06-16,"naver:과천 주변,대량변환으로 좌표검색 보류","과학관,전시,관람",pending_geocode,
p302,인덕원_권역,서울상상나라,activity,,,0,FALSE,FALSE,,TBD,,2026-06-16,"naver:과천 주변,대량변환으로 좌표검색 보류","박물관,전시,체험",pending_geocode,
p303,인덕원_권역,뽀로로앤타요테마파크 월미도점,kids,,,0,FALSE,FALSE,,TBD,,2026-06-16,"naver:과천 주변,대량변환으로 좌표검색 보류","키즈카페,실내놀이터,육아",pending_geocode,
p304,인덕원_권역,키즈스케이프 송도점,kids,,,0,FALSE,FALSE,,TBD,,2026-06-16,"naver:과천 주변,대량변환으로 좌표검색 보류","키즈카페,실내놀이터,육아",pending_geocode,
p305,인덕원_권역,캘리클럽 송도센트럴점,kids,,,0,FALSE,FALSE,,TBD,,2026-06-16,"naver:과천 주변,대량변환으로 좌표검색 보류","키즈카페,실내놀이터,액티비티",pending_geocode,
p306,인덕원_권역,키위스파랜드,activity,,,0,FALSE,FALSE,,TBD,,2026-06-16,"naver:과천 주변,대량변환으로 좌표검색 보류","찜질방,휴양,사우나",pending_geocode,
p307,인덕원_권역,트니트니PLUS 송도현대아울렛센터,kids,,,0,FALSE,FALSE,,TBD,,2026-06-16,"naver:과천 주변,대량변환으로 좌표검색 보류","놀이교육,키즈카페,아동",pending_geocode,
p308,인덕원_권역,아뜰리에 더초록,kids,,,0,FALSE,FALSE,,TBD,,2026-06-16,"naver:과천 주변,대량변환으로 좌표검색 보류","키즈카페,실내놀이터,육아",pending_geocode,
p309,인덕원_권역,플레이월드 부천점,kids,,,0,FALSE,FALSE,,TBD,,2026-06-16,"naver:과천 주변,대량변환으로 좌표검색 보류","키즈카페,실내놀이터,육아",pending_geocode,
p310,인덕원_권역,월드킹 시흥점,kids,,,0,FALSE,FALSE,,TBD,,2026-06-16,"naver:과천 주변,대량변환으로 좌표검색 보류","키즈카페,실내놀이터,육아",pending_geocode,
p311,인덕원_권역,몬스터파크 구월점,kids,,,0,FALSE,FALSE,,TBD,,2026-06-16,"naver:과천 주변,대량변환으로 좌표검색 보류","키즈카페,실내놀이터,육아",pending_geocode,
p312,인덕원_권역,타이니어스 키즈카페 청라점,kids,,,0,FALSE,FALSE,,TBD,,2026-06-16,"naver:과천 주변,대량변환으로 좌표검색 보류","키즈카페,실내놀이터,육아",pending_geocode,
p313,인덕원_권역,월드킹 인천점,kids,,,0,FALSE,FALSE,,TBD,,2026-06-16,"naver:과천 주변,대량변환으로 좌표검색 보류","키즈카페,실내놀이터,육아",pending_geocode,